200nm,210nm,220nm,230nm,240nm,250nm,260nm,270nm,280nm,290nm,300nm,310nm,320nm,330nm,340nm,350nm,360nm,370nm,380nm,390nm,400nm,410nm,420nm,430nm,440nm,450nm,460nm,470nm,480nm,490nm,500nm,510nm,520nm,530nm,540nm,550nm,560nm,570nm,580nm,590nm,600nm,610nm,620nm,630nm,640nm,650nm,660nm,670nm,680nm,690nm,700nm,Class
0.7078210044791098,0.789624971274369,0.8408064523956901,0.5842498757108443,0.8906348601216044,0.9522589651901249,1.0,0.9612346496426859,0.9542992625697082,0.9711034182455561,0.7220514963265471,0.9223656253692014,0.9153213458260224,0.7233028257483641,0.6752828998942777,0.5681519648399669,0.19635316885859638,0.19045450316437978,0.07569361296716656,0.024294507841266466,0.14469100864121004,0.05065459958030394,0.04681404292404758,0.005788515791615469,0.03337397208122458,0.059192359908566416,0.017774381022475107,0.029967059960988245,0.05620496483478072,0.04655437075135907,0.04498914270370089,0.08938402983725406,0.04458028313727112,0.06664415041142974,0.1207831681540962,0.055287247283861404,0.08851214664435256,0.049966616148150594,0.16521634940211774,0.47548960737069806,0.16138693254491504,0.5892336252163518,0.10464643966967432,0.30783238948477376,0.3670996371870756,0.0717055717096801,0.13177631676078339,0.5859405999091423,0.15254910215871054,0.19051755194602388,0.6361146747063399,0
0.5426057933527042,0.895577802099652,0.8430263547154939,0.5588709504882949,0.9042207845181273,0.9744772812499967,0.6915347714055698,0.9462819302382074,0.9793236430575875,0.9581335925292875,0.7176004028990431,0.9628650868255907,0.9493233927222203,0.7395330350775617,0.8721304536297732,0.40408404846023127,0.378210056634207,0.10870145214414403,0.1618450510796272,0.056839914538709416,0.10612323480333989,0.014804180479401866,0.03761382459023551,0.039200645197769675,0.06787517205607616,0.09704928355030912,0.056387756987512985,0.028766540695418064,0.04836573812233333,0.025872238532999428,0.05985977926358491,0.05377612874067139,0.0595799202316074,0.11517757382729898,0.10399902001723363,0.043124083637256894,0.11274089215058641,0.21356747907526863,0.20783443882902541,0.3940129899021262,0.07731328600659101,0.5016769920199338,0.13890847555609617,0.301360294942197,0.44513260829658213,0.08678406875483967,0.1689535532192315,0.17028115681964084,0.08356099678400974,0.48020617483826394,0.3962536750313303,0
0.4899611080551082,0.7524001096223394,0.8152437213755108,0.49248488987031636,0.8763549216440926,0.9544317710190583,0.6767547913598693,0.9358256316931989,0.9781286290866592,0.9787116088644929,0.7223661855632718,0.9315754378011153,0.9494440766973853,0.7466006921947129,0.8471436691760184,0.8489745532203659,0.45642246693979904,0.042791973678796544,0.08309577076134056,0.0888183149279015,0.04978210473969642,0.03691991267862277,0.04140435351224907,0.07496784689768642,0.04480855541025566,0.061576504258565604,0.05486555391631552,0.032547997917357734,0.06773498866322802,0.029937617591884354,0.07111232291764477,0.059910923838529334,0.018440038973766504,0.07698055585482895,0.12314529962774762,0.14554211994382363,0.055587982950044246,0.19903930236966408,0.3006382979010908,0.5314581245067366,0.181468006296998,0.5712756629955147,0.15545443130591075,0.5944287397261158,0.5801258257176314,0.0480704189303154,0.10890055535555031,0.531380657807295,0.04855504790407973,0.4789748411199951,0.7392220899525909,0
0.6433134984781048,0.8141072174316104,0.800810925304638,0.5657105572953782,0.10359786785983449,0.9742483567154832,0.7032480076038828,0.9194078486476047,0.9793827891691592,0.9459645814702795,0.7128873664415978,0.8641055817593699,0.8794810437944428,0.8146382139092483,0.7870493169613317,0.5791951691811802,0.1876489059653314,0.22667855022834804,0.17071384969391615,0.09899948437087797,0.030557020590072856,0.12822962124700008,0.048912384187590904,0.05387399920810101,0.011514187767124533,0.05644047882991147,0.05265648148437538,0.022020827432772366,0.08321370502244342,0.07577318316038177,0.5137994200360341,0.06859508578044704,0.05442188334977681,0.09563753819669082,0.03376284159348626,0.1887522183325458,0.09517062486316182,0.06553073853662358,0.2892450875313418,0.49285556192660207,0.15226477397148813,0.5384486107553209,0.1227273771860714,0.8983876275362307,0.749730797851002,0.06420404293360737,0.12627962884483176,0.3841440627593416,0.046603914832634416,0.255141867646568,0.3395095370021509,0
0.5133392446552177,0.8803357428775664,0.7894890461082433,0.5533387981658925,0.8853955299243937,0.9689188220900354,0.7108760884534783,0.9371561199734807,0.9598466812558591,0.9541772076586958,0.7519395741213818,0.9231328948920641,0.8818981558191052,0.787194860290463,0.8076770300466121,0.5425568881769516,0.25262962824723645,0.1801669692908974,0.11604231751798122,0.1158793249672295,0.0839156918915673,0.051311419020070075,0.052189775341891155,0.0956155081726969,0.027800382635298257,0.09995808184726286,0.017047915560227108,0.02771011212405884,0.06099590418529759,0.03694511835061286,0.06941167341675993,0.06340439356512294,0.03329289269111978,0.038116959204983376,0.07560361528330269,0.12249917165753918,0.08117548136577465,0.2895439865409649,0.5380540065087563,0.5043986758790571,0.15467199194216638,0.5852950455780759,0.15558208381127842,0.5109900237424951,0.6488659867003438,0.1543000518745149,0.15951512021541428,0.35655017382099496,0.15774696536367,0.634891024961245,0.6631479570167785,0
0.8134790560856658,0.7618448874096984,0.7847822732713818,0.48986237353871037,0.9356501270087669,0.9294220637281282,0.709602764253511,0.9309918966901894,0.9811175314391156,0.9617092054702141,0.7038400721599458,0.9084330064060498,0.9525117190720724,0.8363425767291934,0.8124244311708828,0.385006749472673,0.40616443811806346,0.2923945232328138,0.20785790253351644,0.05682483592582594,0.10782245542908409,0.0729394119423705,0.004687374338209774,0.045083185458317354,0.07039289191711673,0.07389012618810026,0.01866251214826177,0.010919461369889475,0.08171788441885226,0.06352263807452266,0.013964317539643736,0.0,0.04305917692721978,0.07953151672837369,0.08003020026486071,0.09529438568154863,0.1159793745214889,0.231990552104185,0.34762960869745224,0.2704513603101051,0.0,0.7509744271803631,0.19396992381752917,0.29770867536279993,0.5856488136558065,0.1058160369304361,0.21794009006887027,0.5568993512634668,0.1602668872227048,0.46925654235427505,0.5958944889225808,0
0.11209381133231613,0.7020048279077832,0.790017009326213,0.5107920392123064,0.851172136964018,0.9421314774027892,0.6758173534329026,0.9445753391352558,0.9649383378826999,0.9283570057025222,0.678777994381597,0.8985426957189642,0.8343061476729844,0.8019858359121294,0.6669021816316356,0.3008549033220336,0.1384897034045548,0.0,0.14681476103479918,0.05624140245101766,0.07934412871303366,0.04011994470588555,0.03813665021064673,0.041452144899554746,0.008245641149736471,0.0,0.0,0.006553819535250981,0.0,0.05267029815756154,0.0,0.040544595353988445,0.014277384041073812,0.07329914785595812,0.033679571162926324,0.07193484201368779,0.025370983134260797,0.07663683837812432,0.08860421160366672,0.5058337354506695,0.10345217746263238,0.40865814456038896,0.03105176939696165,0.05527694733006833,0.2899564091372782,0.04320833912068804,0.05716054832287849,0.48763361410121087,0.04108467227581783,0.1578371161155791,0.21678424875383806,0
0.47026095220940844,0.6531940640534152,0.843166008599169,0.5335954562729696,0.9200569191153275,0.9774017466467743,0.6903106209459541,0.9292854314034387,0.9643911219336644,0.9852040225559041,0.722283893028,0.9418283452313718,0.906551413063399,0.8805514050107999,0.7625180223054322,0.758087983143523,0.25205666058527976,0.12439796811583838,0.12751403096709762,0.09591150921672409,0.15987223594587144,0.06758164242657515,0.05013535090216443,0.07973687734870287,0.05962269792069591,0.04220877114921912,0.07367510613383339,0.012811377936185177,0.05531356325563552,0.036334882893944945,0.038708176330134736,0.05787143491945554,0.03868249880597582,0.0,0.08112236107168036,0.0900252712428854,0.11274783346892917,0.17316146523521084,0.6072913478280517,0.6353363915605661,0.11699874453475465,0.7554047226188692,0.12998843212690311,0.43828450939821795,0.6556389426186301,0.09698281297852095,0.1600543408650955,0.5455632490413744,0.23906119093877315,0.49923968151030984,0.517538288975978,0
0.9999999999999999,0.7985916653406162,0.9999999999999999,0.6137587988532831,1.0,0.9999999999999999,0.7149593840416122,0.9706204830179467,0.9720234194725741,0.9824765203707181,0.7290306948654163,1.0,0.8954053835880823,1.0,0.824977351384619,0.9996765726727913,0.3658557698125303,0.32689586863162357,0.17708850533787918,0.2251811447376447,0.1587911515158964,0.14798442582468788,0.09553351956266815,0.09425027271250486,0.10204297534936524,0.08609875125401016,0.05583240385088054,0.032409297683242196,0.10182265433148016,0.07663742353425643,0.05047003667311673,0.0996884548888379,0.05980906049875577,0.11437272463330243,0.15612073107698962,0.16187385209647032,0.15051208656982482,0.5589401146125139,0.48358393247343845,0.5527045562810502,0.211704877713455,0.7403241274606118,0.18276406998658706,0.9063979009013176,0.781901701332357,0.1570330705490625,0.2321749935452715,0.9963411878760793,0.21530237929402085,0.7616863652337806,0.998733612481866,0
0.7030100481774453,0.7169658763533251,0.7762705583803511,0.5136423775238987,0.9176340207883804,0.9875470901120774,0.6912929653998016,0.9501729083558719,0.9480895104297377,0.9506179223961276,0.7114438360696127,0.8810684483758031,0.8936144175881082,0.8006036181442074,1.0,0.8033942288383478,0.3333342356700447,0.3064164546263892,0.19273187108859416,0.0,0.13113345735903748,0.07974709574211247,0.03738742983486712,0.006022184064231412,0.05949315865884179,0.00994047469851183,0.04296058654701306,0.01469609591570567,0.04413459772112153,0.07372600496858542,0.05551063131573434,0.05456881595523682,0.06681402632661207,0.09552479980212643,0.10728907665377531,0.15593827765429796,0.10119380059430769,0.24808339342100505,0.5208588632256494,0.6147119324069746,0.12896331347750467,0.40559932911718855,0.1344731627666681,0.43398828795263744,0.7702797675216173,0.12746979656481025,0.18118664783288657,0.40558855063493293,0.09081950446543013,0.43039717443008135,0.6593982550854872,0
0.9889192049234666,1.0,0.8392512469025498,0.5062086060211246,0.9780644618219685,0.9430814262024829,0.6853580297681415,0.9515196100012137,0.9684019461663304,0.9727691361907257,0.7387277126451137,0.9301185548236751,0.9299346415875157,0.8058153578384738,0.8672444429465558,0.6854441894852701,0.351430481252724,0.21166029654766796,0.09939685716930059,0.10065615035336947,0.11703577852544411,0.01758521803271902,0.03779242094677099,0.0555509247705483,0.08501899495854531,0.07524895112827734,0.08296023636356689,0.018060377398092773,0.07180777292483059,0.06669557054791628,0.012608891683912278,0.0823004095002148,0.0,0.12321627601645449,0.11584875984319289,0.0,0.0,0.34923059033886017,0.4558879517771432,0.3319224659516811,0.09764564622338291,0.6471977421162005,0.10871565253121687,0.638617645958981,0.6147745598708514,0.14692096465266757,0.18949160694544948,0.5278454397600121,0.11732615767659041,0.3955499379154138,0.5788229809290805,0
0.783064635123857,0.6326264424072865,0.5613275879860362,0.5100601143513062,0.950515699694333,0.9094513969429163,0.7159035340494028,0.9565071063629078,0.9398021558236693,0.9471164769045642,0.713122906715334,0.9520362189122782,0.8924284368752058,0.8263252510488666,0.7702927007798077,0.5136537255150594,0.23099165753323286,0.08146274082815229,0.0,0.07667217130143565,0.011583227304062235,0.020057815419206745,0.008515907677903632,0.033338834223672474,0.06010431010126718,0.06259749659955118,0.03741426825840161,0.0,0.04656880800236285,0.028564425910781465,0.029758675667395276,0.023057326858909356,0.011803479396762899,0.056777468550752726,0.09121244805707979,0.01691713995190086,0.02186128028525882,0.0,0.37108680239669106,0.21758914281953523,0.12124928266256822,0.48074374180677626,0.12409613072227896,0.1000275442844693,0.3150309425580851,0.013615758673701975,0.0,0.26840652405274645,0.1266901708493773,0.3885570169994651,0.20983233381117228,0
0.5696576285469046,0.797935460117696,0.8479597256423705,0.5121831738199618,0.9193996963213982,0.9852185438853185,0.7123682808107071,0.9624288634184316,0.9511762703031276,0.9755873514901537,0.7230596348341233,0.9227032645999121,0.8831392806615994,0.7552837214730516,0.8272344074544236,0.8291068173106055,0.5400582604842025,0.17593633979750217,0.21113102299440661,0.09302050736746104,0.061267937497287844,0.10010037265523379,0.06882819260953982,0.10147619132350348,0.02594711103049962,0.13455982116686427,0.09378696461263133,0.034159891108110754,0.07396024824132054,0.05099742595792206,0.07085442374140573,0.06096427744113337,0.07338078544576987,0.10600488719075118,0.16654556763705902,0.15472249050332998,0.095617541924601,0.3719927365457695,0.20772318280475344,0.5834363627032766,0.1595501835503292,0.4336348919498024,0.06800320098981977,0.7904431153840906,0.7601606539233615,0.12261202610594626,0.24648349067541775,0.5945853450100445,0.23215354912248926,0.6272713746574758,0.6462227042085029,0
0.4166143575669299,0.8360747020705264,0.8572143725738685,0.553606233056084,0.9071640194969587,0.9209170571028759,0.7037438295464752,0.9416424574037884,0.9781563945852666,0.9816767786024211,1.0,0.9565301896493298,0.8946447833648605,0.7978791413648162,0.8404332060861246,0.6618857489620499,0.28817474669483356,0.08246436230894652,0.11573822077664096,0.17492631905133804,0.0,0.0846604437572662,0.07295129336898848,0.007413932108989586,0.03509137785758147,0.0341927729450862,0.08477948639963931,0.04115472891643234,0.08833493866623919,0.05412209641235332,0.08092075425238696,0.0507891651221413,0.07770409104613413,0.09167267487326167,0.06617953569684767,0.20511485574969615,0.08037245673522647,0.14355918893491942,0.21305969227269866,0.3284968856343293,0.16555581632228106,0.5433308520078975,0.20008946530143618,0.6707769210395566,0.5866383973264448,0.1410702007242689,0.13036971432908606,0.0829877910638282,0.08505395471548532,0.48330155604105973,0.5527897192497735,0
0.7222952506894847,0.6295025844004626,0.9466119490835464,0.5280011611835518,0.9016125465026461,0.9624997116963929,0.6965166959687161,0.9246916257713963,0.9614063840705049,0.9513382612508456,0.7042305651368822,0.9574330597870631,0.8949470531141271,0.8264774678814463,0.8339661382254053,0.5933283599077209,0.45729516097360734,0.1667730393431281,0.04260580702583708,0.06559406910294956,0.1118039332837884,0.07419514353861247,0.016299992647398717,0.06341770367612015,0.005451295347926752,0.08242820463492825,0.014020386852472054,0.02070803428306156,0.08674212968147019,0.05410298063460056,0.07161973129347972,0.06379366498457928,0.0759451917215532,0.12501339404108627,0.0743784280300478,0.1468990861301786,0.027018964704403743,0.21774500866869487,0.4105953445438488,0.46709536877688734,0.14990702348125431,0.5238967004609711,0.15386721692505562,0.3616873282264571,0.4952402368531583,0.12417178042963341,0.09367421164303845,0.48989139004241467,0.08237572766252066,0.6566070320493181,0.5469231317293437,0
0.6400466268057268,0.9056155168157465,0.6833668956917304,0.5455937827675401,0.9280780070154715,0.9601016383321742,0.7027421661585257,0.9407031322172894,0.98306876094986,1.0000000000000002,0.723513331418315,0.922853849331562,0.9568638572306333,0.890467536462007,0.7754247023421204,0.5838820838975428,0.26019847301036036,0.08179865057921186,0.07515254872471011,0.040952851506629286,0.06864724624712842,0.056586252266126874,0.05121657114383953,0.078619596278317,0.02297080537326755,0.07883418588613329,0.038667878016116035,0.023427268312014575,0.07959477051973589,0.031302444926479475,0.06346594972598915,0.05441294162985208,0.056789426993947976,0.10372871634182519,0.1801486950325778,0.08410352904122435,0.06229572726418105,0.16787853580397044,0.2535422082950177,0.36435674320697653,1.0,0.8014179098303252,0.08665016831591132,0.1781898740439414,0.6137417454644373,0.07718033334958808,0.1758910954112535,0.4384009505894907,0.058416329254250526,0.6979253508379367,0.8604678340667883,0
0.9030200752137353,0.9440912095298716,0.9208846759843028,0.5939195977331895,0.9198254832197384,0.9767542368685037,0.7107318030896362,0.9645769400722679,1.0,0.9892162322571264,0.7792578156531105,0.9922126131610497,1.0,0.8981517265822396,0.9660170675504594,1.0,0.39216526023351206,0.31099320339453473,0.19020794521533135,0.13658048632156589,0.10972466781343802,0.08451486017901907,0.0629720484480029,0.0945660189957965,0.10652507807684777,0.09071933650907976,0.08440548554792088,0.04657020252972634,0.08183148737241004,0.09723678757153728,0.09871961628048151,0.045048321883622115,0.07686669278577668,0.11574355870535383,0.13511161185069198,0.161931865943786,0.13642923023475773,0.33557093893936446,0.46065477065428106,0.8109326009756213,0.21749392973282558,0.7136259562846335,0.15082031610929492,0.8936220660921669,0.8194818457083815,0.12800190143016188,0.20576869943615003,1.0,0.18684332351764127,1.0,1.0,0
0.9380331858960116,0.7470574792295739,0.8469709682838749,0.5582510626343511,0.8968362843946796,0.9902502030808211,0.6897205837985445,0.9622998175897756,0.9539129432418366,0.9502742953590926,0.7394134917639784,0.9440061025853923,0.9153674824954744,0.7984220538255902,0.9480459972336552,0.5067928222449788,0.18250967240337224,0.2315874275918426,0.16570851439111878,0.09637293503899409,0.08498488763497306,0.07325854656640132,0.09048109395520623,0.10224293998142728,0.007890768041540035,0.04727676503393624,0.03269677376224152,0.049207060074634934,0.021716820921802847,0.061338305430408344,0.0514645786556835,0.084941342144504,0.08112785487998547,0.10583058574627566,0.03343884239462335,0.08725894404156544,0.0646558580225937,0.10583042581635527,0.44901379687343856,0.25564955664484035,0.20964929074087715,0.8935387372155223,0.09399288600105397,0.4614747765589289,0.5449707859277904,0.6844063210776253,0.20177919252411483,0.4479134792321952,0.1589026318744523,0.3656188777352197,0.6532834502713847,0
0.7130998608558896,0.9799397609554895,0.7283305862717937,0.5385336979610934,0.8894676104846276,0.9559271924828666,0.685822923122244,0.937273731720107,0.9644803229541573,0.9446935908261941,0.7431594904248867,0.9486517333648652,0.8901018930517864,0.7935741693350279,0.8419358713537475,0.5419989424398477,0.44305557457946554,0.19331573155847503,0.1419420638653212,0.1097466246288535,0.07505960004308368,0.09146677138860243,0.048055544278547226,0.06392351214167499,0.04131272224318381,0.08632200574955652,0.05238867011317943,0.057759200385442244,0.06044327190445342,0.055661959396949276,0.03691833053185196,0.03998016472932786,0.059835635796760656,0.12686130632868853,0.1986813046755198,0.11084458760705554,0.048043480399524476,0.28931376816051,0.18811871913524292,0.5244342755674196,0.11257929470151058,0.5960667254513284,0.15236363254538435,0.3542888468826513,0.6721109673988808,0.12373545965658314,0.07515116981304111,0.24762455064941424,0.05608433951657803,0.767545544594976,0.5706474331816169,0
0.9484154690274416,0.8679942947707158,0.6766632636286242,0.5828190382157685,0.9444195672750326,0.9425572554563101,0.6936377105863852,0.9568652958186318,0.9654796713648686,0.9531227863369409,0.7190253978205897,0.9329901297048773,0.9472395227043094,0.8408868674700171,0.7881080843317141,0.715820207017375,0.036032919419245094,0.24512106289798355,0.03335234247013265,0.06714253046800113,0.05666679459643006,0.017474802797603196,0.07569026900589323,0.029216058665007646,0.05378945110326294,0.7416203826350771,0.05407657964953262,0.025369779743641203,0.04369172308434009,0.07019241019568309,0.04701590695580314,0.01867000102799523,0.03457505505266575,0.13708829255540592,0.12178947306000304,0.09838990284310639,0.06873552516084085,0.19447808843351028,0.5544233474272766,0.5001439293389427,0.14925408664666476,0.7351331160143275,0.11866221696247012,0.31809675813199,0.5292779800918841,0.09287817034413413,0.14885699439326444,0.40127458227452306,0.1377827865236685,0.5730308472224452,0.5744088242440288,0
0.6714580184656783,0.7285609803625333,0.7882716972665442,0.5474931371909321,0.909143809773877,0.9685197287474419,0.7101955280001911,0.9562181198532462,0.9577494453236343,0.9780386963444331,0.7460748686685932,0.9039762024893426,0.9275101423671187,0.8484281469453556,0.7941938496138186,0.7826820771882379,0.2717029112810049,0.1780952930117195,0.11310998586463425,0.0825706508467222,0.05746333453260136,0.012962403110303292,0.08714458911422829,0.019932153596254797,0.023130338877686018,0.00827039309467359,0.02919175717453755,0.003836489843606343,0.09733154860536065,0.07044109934185769,0.043366159650612156,0.0976849740935797,0.06859716606700847,0.08682302933257288,0.0,0.2288354981528753,0.03187272973350812,0.07769240794237409,0.4339237206170581,0.7742722370818851,0.18679171256963184,0.6559125130952788,0.132738406836599,0.5895721566202576,0.6501084592769583,0.1044009148617494,0.15456203019512146,0.3925402670051032,0.09698246297860338,0.4177198768177418,0.32864667071945164,0
0.5963304924568824,0.6137878782468708,0.8222930513198073,0.583987887360488,0.9241947799124093,0.9431084650995017,0.6666834673911382,0.9468242866032507,0.9590499799387542,0.946230822855974,0.7367957665922117,0.9781788836268501,0.9146464877152727,0.822550906854126,0.7409042654855764,0.785085074928938,0.27824523428437153,0.13194320870101223,0.12516343367249613,0.10119696968470501,0.09952897284756142,0.09510301037145802,0.05517195154987145,0.033714302811416935,0.05504268416329362,0.06793413281892556,0.014532619893018003,0.04186836349782558,0.06170160580651369,0.046854820280139875,0.07039329929437688,0.06645936065109107,0.027994078385678807,0.11787368129458285,0.07049877127012182,0.2055409831832674,0.0517647672352861,0.24398081075830433,0.22764709432130292,0.7453574169855939,0.08364356801757711,0.6491949746970973,0.08015850720242484,0.29489772485534227,0.6114804426802686,0.13521356259530629,0.2158465710042497,0.13788562258746334,0.14870822788791763,0.6844357996071309,0.5958944889225808,0
0.4826631236706904,0.797802557536049,0.8342113220083998,0.5397138715978228,0.9163872774755978,0.9352427641406872,0.6905591546931161,0.9263770989536522,0.9597849475083157,0.9473050549398775,0.7180965682391782,0.9634424630978417,0.9444474775272893,0.8440234544066932,0.7279843685330698,0.5953700352960718,0.3907527047603139,0.1791526015911245,0.23999798259981614,0.09798729473229123,0.10132784030390712,0.048067644478953224,0.04855757180296238,0.03693260386443348,0.06207595474344736,0.07821303984002861,0.02591330727250392,0.00371123263619539,0.03354670364174173,0.06123105250517823,0.035570464902370966,0.006300062350948918,0.7502594119202685,0.16440831455928787,0.09065543430113691,0.1570570774109898,0.08401078105786197,0.21412923385205207,0.42209366199372567,0.4105967087279335,0.1428557735263702,0.6147693263470161,0.08280081746748878,0.6234015445655647,0.5319835526329092,0.07053299215537681,0.1720014205314503,0.24816565035441915,0.13657966453964143,0.45934131923745863,0.7522415735157755,0
0.46125089400929375,0.6105857876385532,0.7365978989155034,0.4198128880139064,0.8574532425063978,0.9167767216731597,0.6571736351265183,0.9364050221489796,0.9425005072960646,0.9112325116166019,0.7005829948551183,0.8326597763232371,0.8727067368496799,0.7664998091047185,0.6450954494672305,0.5469432577539856,0.05979227935476651,0.021790616747170144,0.0772831142624352,0.0010165922091512486,0.04859817287954632,0.0,0.0,0.0,0.0,0.034399089981473494,0.0005841007944322532,0.00452534933065997,0.03012625152342139,0.0,0.04912244799468947,0.03447948091584068,0.06890903454597247,0.03139401526011358,0.03623012659025633,0.04532162350257821,0.07031711367958116,0.06395600798189571,0.03526687184932947,0.43778433535298805,0.06897747286268396,0.4895709521298326,0.08819047486537146,0.05824135465207392,0.36839177628540865,0.04016390922124638,0.09754581847785197,0.32892658325018204,0.029321921352130784,0.27909131271991183,0.21894404196659806,0
0.42849780073698096,0.8002639136793781,0.64834030272479,0.6007937446326213,0.8586852376880062,0.9570685662625835,0.7041389109030877,0.9351797328683683,0.9262280032348569,0.9548562375265847,0.716072096117958,0.8786621833414859,0.9167934347286766,0.8247819850619544,0.91414912553113,0.5063238477260522,0.14514870534259103,0.14322609715835788,0.11742354234109219,0.1195378419252329,0.14281563404190495,0.0953614489206969,0.05233456388399619,0.06023584500019803,0.031171507508290924,0.060484857171176805,0.016875841170580712,0.025152333721450683,0.06884532537130501,0.08351420741835455,0.05198703960497108,0.0528278914080083,0.050624150525787184,0.08324395423916117,0.06169824570615918,0.17980556530212027,0.046353122674780825,0.10570133190930245,0.3947959370225265,0.6035012778688347,0.11457948122287559,0.4860540219499245,0.12039242769341497,0.20857257826969955,0.45523710444813065,0.12394560514807618,0.17485029115958128,0.6298185144633236,0.07173891739191329,0.38372648617448274,0.6295745330649842,0
0.4413293643799475,0.7395401613400843,0.861482399729433,0.539129334376716,0.9073857450817362,0.9959461422403769,0.6951608219323391,0.9575727213273882,0.9779108898524901,0.9561723424236264,0.7165896685834773,0.9083884061150038,0.8395929077593578,0.913278849493915,0.727076670814254,0.6059033867550669,0.26063263790731517,0.19000639562763327,0.16345019175402895,0.11705330657784783,0.07493654597090016,0.05247529173539312,0.052493994338367336,0.03457720394389055,0.08268278834632009,0.06773933035718765,0.059825873685343686,0.03438448161138577,0.0887392715881202,0.05523015118676278,0.031938148708207235,0.05925122735751859,0.029187964288464784,0.08121206790697158,0.11219584108054209,0.17681433182652684,0.08186496019379612,0.2500995275904345,0.5116116869510855,0.48133659206189194,0.2346823009796031,0.6561843861211558,0.03959248251578697,0.5651509026737402,0.6023253700508426,0.13734205872501887,0.17751476678656028,0.3794370246785777,0.07317117674766127,0.4287019622879093,0.45706362103508247,0
0.7496258189820031,0.9467198721892477,0.7550233387910238,0.5032045443469672,0.9076986348557796,0.994120492229073,0.6685454133359304,0.931289844538783,0.954533311811334,0.9486799090725758,0.7169097722544449,0.8830612144562151,0.9272240371119145,0.831081515315448,0.6774546422640948,0.7917026571223299,0.43162460287348836,0.12067983322522062,0.18130997697164175,0.058549078447845695,0.10095560995229282,0.03172007994366825,0.10351334617892172,0.03341870882178258,0.04874669333345067,0.0412268548848761,0.0849433829013907,0.05320781587507214,0.09712824998270171,0.06946147190668416,0.044555760079380356,0.06813310266538988,0.04473603617343662,0.13190228967767326,0.1314493727131086,0.08353394805829431,0.11469673392429497,0.28302427388205437,0.0,0.5559604033039346,0.11535105324658203,0.40961671687082546,0.07587393691540652,0.34830775009916054,0.6148351036763379,0.05061871397480985,0.1580170304253768,0.5029707735845664,0.22940942710542142,0.2957145204852143,0.5334196701644222,0
0.663781327169161,0.9901461000085219,0.9069008401253558,0.5223289711400734,0.8611322548269565,0.9615541286224263,0.6642141855420243,0.9541346952660175,0.9592279312116802,0.9545092369405452,0.7056091924393805,0.9460036743503628,0.10518548705296638,0.21396524222850144,0.5796991985063189,0.6273496769433086,0.4395859185730391,0.27869283122275956,0.09865031987527709,0.05735675777229984,0.110749701238054,0.02667210346322704,0.05300142076436196,0.05941778226686577,0.07396529238194634,0.05444547182408245,0.03889788580461141,0.010683080684837526,0.052056064748554266,0.0477512640569595,0.06318349378953315,0.06991159573803142,0.025524315963785613,0.1368660620320777,0.08101835441622839,0.11456392595514632,0.05463431609104927,0.008981099103715778,0.4180893717685499,0.5474224062701322,0.12127018516967049,0.5715035467234377,0.12962176311991133,0.0,0.4871953364047468,0.12115866614787454,0.09976034704715692,0.45405566315250057,0.06647413959858092,0.5322287848181082,0.5812798555420795,0
0.675288412768246,0.7783155373144253,0.7714688179697061,0.48926327419874704,0.9278607344651475,0.9561329436482124,0.6858029659539261,1.0,0.9660627590288731,0.9498077903577851,0.7225901343963557,0.9613269194194226,0.9109081997899442,0.7460359984010713,0.8955631742805854,0.556433964215928,0.4484106977975456,0.24061959615404446,0.09914793197549558,0.13421691237625166,0.09709933079427237,0.08413377981052281,0.0578332602785303,0.019946955877728635,0.031101467371205404,0.07986054503682868,0.035974559581314895,0.017979236795572076,0.04970431321900521,0.059682194838648416,0.09501015033035454,0.02881492429520126,0.04549043189625005,0.1346504806143425,0.08798047713912377,0.13797554196223172,0.04346607697584879,0.2606398244100162,0.29564514570095574,0.5805773109813234,0.17904656440330943,1.0,0.13214045948493075,0.4608161208326401,0.5787008423039337,0.08368182898634888,0.16401302613608124,0.3523289765889004,0.14368152284505475,0.6626873673508382,0.4332803602012426,0
0.8283256237404263,0.7942934222920595,0.6276835219374686,0.5220361843217542,0.931511767983419,0.9715905720012976,0.6768382137330969,0.9399360896156843,0.9551991139869168,0.9512733560607464,0.6992872490598266,0.952037697821639,0.9501314285269707,0.7421990895420094,0.922607158466461,0.618991136909016,0.3918037401758543,0.17235520017804157,0.12882162822024604,0.09713498952141558,0.06788904567126443,0.09474668388376888,0.015412556561710342,0.03082272382857846,0.05786300184968553,0.04524657427405615,0.06077696795128521,0.04535153818620152,0.08578811933232891,0.0163741752402937,0.05864897775802927,0.07229920977634327,0.01313125840570753,0.11569050655278194,0.11514444720028805,0.0557198474761382,0.11067164389777677,0.24691158992281673,0.3913800404246114,0.32053956875169687,0.13824313937782792,0.27052525151385043,0.01917888587153653,0.41567801674798405,0.6933252109211043,0.10347807642319348,0.14779912181094532,0.370960113274667,0.08743428857487864,0.4267343342217185,0.6509924257264063,0
0.43208311141083766,0.4734381093207374,0.12475574568066825,0.11040713291899329,0.058909578772309346,0.0764304954672598,0.04047221709387077,0.0722686385101003,0.04120686132469964,0.026544706408499184,0.03667941522840899,0.06705673944832544,0.13527812846971865,0.1289517740002442,0.35104426176173786,0.6748842418792442,0.9094499420685616,0.9667954716997151,0.8690773110696264,0.8667290274295864,0.922528336226792,0.9951861580195365,0.9029546410672689,0.9503726751330234,0.9666814856279788,0.9675239028779337,0.9219324669260425,0.6075571206419548,0.6303461414999221,0.5974317128448964,0.4995109896998597,0.4168762162249525,0.41951019740876516,0.4398044504715985,0.37369548408236636,0.43023406210000675,0.2642760307696123,0.5369523594129069,0.6601702210763503,0.6538500510034888,0.15278475258389868,0.32861115587480827,0.10437494867876329,0.19050407705895195,0.8324126944178579,0.0899103473006948,0.1555670495360268,0.4990375601237106,0.1374118640262849,0.7206006002855656,0.4918219182417758,1
0.33012010229664435,0.3906105109598562,0.04118037107069791,0.09089568319445111,0.10359786785983449,0.034235780502087795,0.026378006545213422,0.03961699170513069,0.044733859135286,0.05013459195589945,0.02856773762054991,0.085963848479217,0.2014940911857771,0.22436657517099434,0.4237887533194493,0.7068370644174747,0.8094838896711776,0.7966854166716955,0.8880723505570347,0.8778450885528235,0.8465245782048149,0.9585443325945716,0.9558711122833533,0.9347677886153557,0.9293722176689739,0.925271817465686,0.8762753079420241,0.6049468624526461,0.676590962394968,0.5991595860781683,0.5405419136827282,0.47396173982843565,0.3940861709318534,0.4059713021034168,0.35634039553113,0.34814138433171316,0.21929353116041123,0.34752037274860825,0.22019020181286866,0.43667590825665137,0.13774522137524045,0.8591609432982756,0.11710735729749826,0.5212092360718986,0.5365274300829133,0.1357112983688237,0.197274369221363,0.6069356979357323,0.04741913503149872,0.4924844918271595,0.7024245478069537,1
0.24620767939786598,0.2920510474339702,0.12261800932367808,0.06374395387951166,0.07841913799992531,0.05240331522568022,0.016273190233269428,0.06228246140933301,0.04232253255730115,0.020548716557362415,0.05309899628477523,0.04581074692529003,0.05198777424799807,0.2672069984434394,0.5963940641820724,0.7419341641014484,0.8224409140706465,0.7796245606025316,0.8746744396052374,0.8542041971463111,0.9166659787234128,0.9718241457351435,0.8984436699456902,0.9356808674720832,0.9029986463851091,0.9482715481437627,0.9156217331519566,0.5956813209339088,0.6843124163234334,0.6015803787456588,0.48288400160004363,0.4240195984990658,0.41993865498273036,0.34584243089660627,0.3853576223096956,0.3248154908427024,0.26287766625971265,0.4430429065532977,0.4476601633254145,0.718537482462382,0.1079851403595588,0.45236723647634935,0.06422255133923677,0.18518597537358575,0.5655466058519389,0.11178826277187162,0.18938082657187427,0.0886120964054245,0.126503630855557,0.29095131602474933,0.5554426170477126,1
0.7309917813943404,0.5215738865640092,0.33832501425489947,0.039140521826382446,0.09331666600769145,0.04486933893491708,0.03403843762898315,0.08515209977561086,0.02161442435247082,0.03646664024803785,0.04375919942641333,0.10058216354193297,0.1112063150422525,0.22104993294027836,0.4061974023990499,0.8228783342127062,0.7964832687272887,0.8954559379439677,0.8555779752504399,0.889009733173557,0.9191468873946632,0.9940740224376515,0.9260905001816353,0.9011356005996495,0.9732520246068078,0.9358858827607148,0.9031273453046799,0.5829967405673459,0.7051239110257498,0.5457944217352141,0.5707025756511082,0.4767582454217179,0.41256128830299854,0.4004711261445057,0.38907548175015944,0.4088973917328205,0.23000886977981796,0.4699641696863574,0.4829508571886603,0.5287008243171757,0.14386653663287974,0.567620762256033,0.15893867122304864,0.5411302191412006,0.18589478778020896,0.11707775980446251,0.15845263495487866,0.40055205250145137,0.11553515059140931,0.6330927955988725,0.7311719752151224,1
0.5082605424812053,0.35974578883243,0.12778820980148128,0.05593249956983111,0.05892124390918971,0.07763406549702158,0.0424809950982826,0.05432924826595513,0.05108107598026786,0.022521625931835758,0.04709348079034839,0.10291542349066962,0.12789023016162226,0.22782703588787034,0.3749228436978209,0.816534305790318,0.7548206091470877,0.8531648170443775,0.7908889427529933,0.8069895788374735,0.91363848072198,0.9420963197996804,0.9302683780232895,0.9412386447606161,0.9450257920360656,0.9699417611896652,0.907375089587867,0.58878367713187,0.7066016731108766,0.5850472181555355,0.5084265947948059,0.4565628649884299,0.4032803496998126,0.38244541635981627,0.3424055131393986,0.34541628965342214,0.23807738092484174,0.3653755940146134,0.455002248984756,0.6483361974914711,0.13886596251661287,0.708314646825282,0.05317647757247524,0.3639449964794001,0.5677956096029476,0.09641079071596398,0.08391799818909468,0.6115884245548426,0.09193543984377714,0.5121510571422273,0.5879496317230302,1
0.48171514624865036,0.43322108113575464,0.15750957533612595,0.10182449384859928,0.04432984381012686,0.0682091215692752,0.04235085392569506,0.059835623944198724,0.08688604071463595,0.03874824607903566,0.029564294922090124,0.07375729253014679,0.04718047675932166,0.17305858370086455,0.404728348592081,0.7350717952078202,0.8397614430419098,0.8008647722449849,0.9314664150019708,0.87362759514133,0.9198265648137546,0.9489422374435597,0.9315468120701557,0.9647352149293011,0.9244628629466285,0.941454497083277,0.9109326059430282,0.5714570973058855,0.6648951345823462,0.5762504965980719,0.5282079522979125,0.46029782731470265,0.4118458223060139,0.42541092212914206,0.3736982737797383,0.40244045137091106,1.0,0.4443582981823583,0.40609792164277636,0.23010634920863246,0.1445350528097757,0.8424037151122712,0.15073118511680278,0.6318713041324511,0.7141709579867725,0.0985507363866947,0.15855669282949544,0.29710093696132717,0.11920280834301511,0.5551792045023101,0.7702499529807496,1
0.10700193823383305,0.4063373018027676,0.2875747360671273,0.09639818750656262,0.08409461779188679,0.023534302927232555,0.05752497198571795,0.032957719113151894,0.05892727447074246,0.026938814098217936,0.04913415240331063,0.10591855097504194,0.13007239125550377,0.24248144163338714,0.43062429421078147,0.7450480563612161,0.8385338587271703,0.8324721193618556,1.0,0.8331180502190761,0.9542619395743608,0.975174654103468,0.9335193021226943,0.9807637593218045,0.9511715340450192,0.9419764554318752,0.9242101980281693,0.5893415097822143,0.6891483897553372,0.599913017871243,0.4956618798677401,0.47964748136112106,0.40102322657951617,0.4141968892497251,0.40112765755682167,0.4013000553361928,0.20327994491898743,0.3778421035366746,0.4419632869817877,0.7634904053039364,0.11575581117293933,0.4785546701299004,0.0839274279998734,0.42941162656406845,0.3649605665292228,0.051445725527751195,0.1400700001012495,0.18135534398198552,0.07413529023333365,0.264572927996462,0.4576821742746836,1
0.4306659094922777,0.47102474629934493,0.3407535033995539,0.08793363134072169,0.10237331361529861,0.08768007225019148,0.037922162725567796,0.01808314063888811,0.05670970666284632,0.024528541052756044,0.03118389376285115,0.08156485746043832,0.12726534346701895,0.21349222259091524,0.4917868762405889,0.7148398488941212,0.822726165927421,0.9103596046944012,0.9646475015388595,0.9604053068435765,0.934885089785679,0.9851950653882033,0.9797854245812774,0.9281162552180833,0.9587640889914149,0.9735340416115084,0.9499898125231444,0.5746677525269489,0.6626918192270248,0.5853830443044786,0.5188831209888352,0.4781441052802746,0.41966321759804154,0.3978135955071447,0.39383515720790363,0.3980214040666987,0.268979511155012,0.4355622191429165,0.42892215306085735,0.6148827412350228,0.15762536991884407,0.33387228728161983,0.11348623559862388,0.37169995474405443,0.48902344407171283,0.12947876690918952,0.11890253543108625,0.48247918878726626,0.12771896686603978,0.4773062953036957,0.6495063180817839,1
0.26177282955838843,0.2821771031636702,0.2740316134863049,0.0825797389406276,0.10854244263621207,0.05529280207431153,0.024076603789155278,0.04932972102082113,0.04478449482119716,0.03533473455266548,0.06045718782946943,0.04785523729386172,0.11765106478128745,0.16711048659389688,0.22301024731992664,0.787666497446728,0.8291650252025796,0.89558369000402,0.8633198283860369,0.8128486098633007,0.8921412969417241,1.0,0.905350877163693,0.9832934041144272,0.9683952902071191,0.9491082865103753,0.9014480066465482,0.6082780218609007,0.6755010604564348,0.556623178976693,0.5223487828811775,0.4635069968971297,0.4346284807680609,0.4116082012698326,0.3587264944137047,0.4458901491534974,0.25558443544517606,0.4415213829800114,0.4796063821846409,0.3787117796543607,0.12591841550857794,0.7299568422799254,0.09206823658764098,0.04076810512035434,1.0,0.04785798509948873,0.2416345942506576,0.35068445302844536,0.13092331249520292,0.3577596703645901,0.7060675301503931,1
0.023898958548600302,0.5240759220308071,0.1735941451600969,1.0,0.09867516934099066,0.06734320624784951,0.02371957595479885,0.037066154367187465,0.022248579405226742,0.04038332582682874,0.06169963715965754,0.0303381158778998,0.08172761649365158,0.19760731883079968,0.4532659508706855,0.8904089533202044,0.8131634128528044,0.8340413838525168,0.9305551291000231,0.9006371527675656,0.938494192459663,0.962612980970618,0.9534149500344817,0.9284718528174724,0.9261686302448353,0.9730338437013026,0.8814698035784164,0.5935770333065591,0.6741138169057161,0.5591906901848065,0.4943067055340411,0.45259058581099404,0.43212503904891914,0.38400421704706905,0.42281045749275414,0.38626638959790593,0.25357865263876955,0.3676176482001339,0.4671319130387095,0.6040757664448928,0.14275574011146708,0.7626141235774823,0.02680987996072018,0.9874280506750911,0.6663137586667313,0.08998723197139118,0.12831622415611024,0.25413291627973467,0.167889599561873,0.6133008594085677,0.561960892810536,1
0.7360759561548222,0.6263143417909701,0.19151905327749452,0.10829701363490506,0.1730284717649868,0.07409478548031881,0.05220896989321534,0.07736449020947435,0.08257889058172316,0.05604060354576848,0.05291258209827822,0.14961809848902805,0.22560226549904827,0.3342746703379791,0.5871398846900895,0.8912441194393486,0.9019596997855903,1.0,0.981987104526356,0.9999999999999999,1.0,0.9650773387761712,1.0,0.9615976877139272,0.9743770553153606,1.0,1.0,0.6660676693370342,0.7221285474398315,0.6127366135154461,0.5137994200360341,0.5084260144401657,0.4403382316691174,0.49808059359137596,0.44868636336104084,0.4915062137248758,0.29080328250538046,0.6076766648682992,0.7623561960017455,0.6985571829793652,0.19453234317861623,0.7017699397171601,0.19851078125217136,0.9999999999999999,0.8301127510495019,0.10137771578119595,0.21874718731399462,0.8120531692984297,0.16574659982681778,0.6612598981310613,0.9511356458279752,1
0.45274758023982403,0.31039842758175384,0.0939629229335261,0.030128532396584605,0.11384068912773071,0.040805672132110324,0.05633032074548586,0.034329323602790784,0.018484734519523465,0.013922035036390015,0.05492317027984846,0.07061167015379383,0.08904418410643872,0.21396524222850144,0.4806279503359557,0.916779465179079,0.9529590706255084,0.8311715398021187,0.8068858098997601,0.8567444009011398,0.9290051781956591,0.9292044293124163,0.9021676214314782,0.9529532232258743,0.9432190296102931,0.9569924011354973,0.9007920796580715,0.5886151392434673,0.6629700604860257,0.6013284948845802,0.5312281053497618,0.41655354112439463,0.3847440536664755,0.3607775865591924,0.35505869802778484,0.37902074406760783,0.1557790038632212,0.3396186466940484,0.35795205870736735,0.5825996364776271,0.15254521111593627,0.4781309906274818,0.12109733267608086,0.2628758277739924,0.5234553747687695,0.15031253017915874,0.2046713235202242,0.17931621499896683,0.17721077245829484,0.5851627405429414,0.41169985709022383,1
0.41649289036466164,0.260125455108882,0.17793269232549827,0.08550221205081715,0.13222029960474582,0.07436501635188705,0.02372480911570326,0.0699865885237523,0.045299067367580284,0.02808263755015537,0.0322072688998133,0.03518688542506862,0.10408198869662917,0.23011610472800031,0.40671935102183127,0.8396296133712459,0.750964830304231,0.8455070779798914,0.8905098623416345,0.8813597688494862,0.8654807887122279,0.945493242844506,0.9717530999430761,0.9324830611934539,0.9446961869037396,0.9543037879623242,0.9526740296218529,0.6120074407639735,0.6947277671606127,0.5671286238638352,0.5185349454553543,0.46663269553213993,0.39031609298347636,0.37801401161867104,0.44068578661571683,0.3682788103088504,0.26437165230919396,0.5089134377987158,0.5193342551690847,0.6152720442235968,0.09472751553787456,0.6358525921229612,0.17013944429298555,0.562552036193626,0.5773378774120754,0.15156951213913072,0.14313238510576756,0.2967721108854747,0.14299238217256788,0.5782764371968812,0.32488331779211793,1
0.34703162598675896,0.3895526420723737,0.3010482388907701,0.03578402874420975,0.09985446214668392,0.04138571821437326,0.058854290306654886,0.07473505583167814,0.032889243855475564,0.023250203251578033,0.049455067281539825,0.06503042044604841,0.1062889854093036,0.20752198326912683,0.278899750137775,0.7915549991375656,0.76621889572485,0.8224359453048589,0.9478900287402462,0.8223373596799776,0.9478310046145598,0.950461124955118,0.9200588806432441,0.9638851485245985,0.9521265281379656,0.9690873068240833,0.9392938950825217,0.5870629884089977,0.6686915615914334,0.5650747638151715,0.49629417405158327,0.5160277705022435,0.43720987668119476,0.36478249651946154,0.330609595463506,0.4069573893130567,0.22653805497316082,0.46937125916121597,0.4435680069506758,0.5382767407651567,0.16271549001044383,0.615319028665179,0.02634576918204938,0.3402048328860777,0.4501242626776242,0.10137771578119595,0.2710226850817189,0.46725593031200513,0.11933155980631127,0.6020845239213874,0.6603142166771836,1
0.08699327988095473,0.4480269118397163,0.12089068782965202,0.09344238555573015,0.04221505354940145,0.07483821848133221,0.03700293702492809,0.07077367785598895,0.040325569631104875,0.039283785366362116,0.02562999948260126,0.06742571581047749,0.11147264059237519,0.1332155724898788,0.3207247886556691,0.8594894060242906,0.8136973002025794,0.815898131734233,0.8368748941136113,0.8451117384136142,0.9239753151549017,0.972934711412811,0.8721911304197434,0.979122393077215,0.9750802391550706,0.9038409031733123,0.9419193277870175,1.0,0.6799271461657371,0.5611835793954438,0.5308522060557618,0.44984706398446833,0.4204193703716184,0.4630853626115512,0.38784954985051173,0.3378328096045473,0.1952497425991635,0.3513005745462233,0.522261986947563,0.44761008966171617,0.1312162688170758,0.382549263041731,0.10888196400630787,0.43941716587884266,0.21822498619831837,0.10413311140473822,0.14875339851434508,0.271651955434263,0.23790655306293013,0.6077057107721682,0.4196052686171903,1
0.4507118479619757,0.38598034857325086,0.2186466528805613,0.06505134056038613,0.05432790715915038,0.08228319339235163,0.07792195257431403,0.0371107302762736,0.0632383257863408,0.02692979084798119,0.03680927272411794,0.11679731393288041,0.07103219748770873,0.14226385149181558,0.43156071144594754,0.866551510874996,0.8669495765437063,0.8783657123796688,0.8761324712502834,0.9057201827028856,0.8209393069909484,0.9358147049820498,0.9249754193315295,0.9617839431494917,0.9784732693835108,0.9363498876655967,0.9501953390412565,0.5851978834969325,0.6775366447398196,0.5956616907011291,0.5079755135202222,0.4778796926814139,0.39741068226264237,0.3912572245223231,0.4169420445797318,0.345431458846222,0.21596674679725156,0.27445552658831024,0.6807082690071318,0.715717500862608,0.25800128564684277,0.8280697714825309,0.06943459657131218,0.5594553558590463,0.4416999217996559,0.14719614506751796,0.10617681043800131,0.20529827068870576,0.05370551673750025,0.38594581438301817,0.48163490848451584,1
0.3193783871954952,0.5276445994927755,0.13525885748485444,0.10963250793818966,0.1314278608720155,0.04015342492685555,0.05409606912515436,0.01475582059659724,0.050594453005616775,0.012078108898575447,0.05066112305215065,0.09514337490692748,0.17908447965835272,0.2743282162934989,0.425014939164028,0.6733406206287597,0.8758594478856973,0.8507604877785568,0.9533640200030805,0.7852026968954844,0.994641570293551,0.9756338663849475,0.9059746183898325,0.9625049577841669,0.9740655376607792,0.9588263709251899,0.8783506361947514,0.587639214788433,0.6989797726174694,0.5941059410274718,0.5088528524685689,0.4819911535791492,0.4250146022034062,0.424459390638191,0.3637626778182815,0.358069856937677,0.14690929194968627,0.39806320376367527,0.5796328199123806,0.5278009858172783,0.16734398231106176,0.7894825306725978,0.12884838235318857,0.5111040301680735,0.3860691256480507,0.08511958945263919,0.2202492877893963,0.4217116168641236,0.23122940327215916,0.34996782057128356,0.6223974200980325,1
0.22195861848714488,0.6552480066525087,0.10697928811502416,0.043852164081575794,0.03812560731691407,0.04906781689665697,0.050425199108967395,0.026403678924858388,0.06167704479577325,0.0328698565449395,0.020843307043148636,0.032101826242821666,0.05546226427161892,0.17443978355792977,0.42473335777763255,0.9420918961987896,0.8962433305267455,0.7997825148076079,0.8951999380977456,0.9410236608839803,0.9839458410820444,0.9493609392141016,0.9527582473011417,0.9785623458731019,0.9097980151282998,0.9447313454258042,0.9672075123063454,0.5875286332343238,0.6262068248993081,0.582770593523736,0.5329061448699337,0.45498625989158054,0.42443685558505306,0.4278152751363442,0.3657877799122923,0.35747637154669787,0.21258319487925015,0.43663147345303904,0.47889252560711204,0.5676650011770784,0.1203709670817923,0.7281761946774729,1.0,0.07025438336236223,0.5085922191455047,0.09869517481529154,0.12904269628003,0.5138721314905799,0.131818410076276,0.4867136378716196,0.5256533935597666,1
0.03406068902608128,0.3221232134884798,0.16098020115526723,0.036079413234648736,0.0009303595822903049,0.02145986459694736,0.007634329028260348,0.02084160733053196,0.044618989183020784,0.017931020013950288,0.016292076327013162,0.052885629514835136,0.07977101743355394,0.07676879155804085,0.30660927686390926,0.8964495064107963,0.7901279882473409,0.7150641629536407,0.760764298460436,0.7811651561428896,0.8941830890429046,0.9584641208508761,0.8998046690387416,0.9085138574612786,0.8968306699321763,0.9270324965348735,0.8630990328797365,0.5373296385385965,0.6800664663969728,0.5366376780019038,0.4751121025940196,0.4346790295395343,0.40248518446478093,0.3642159089660983,0.27606962075873476,0.28775947288179815,0.12538975161724067,0.2738810791818731,0.427354423538621,0.0,0.06956084803229906,0.24183284444769176,0.0,0.14168651477325903,0.17281977865882164,0.0,0.11922387759169578,0.3816384145568131,0.048892553271134634,0.024565552579582484,0.2309004675911096,1
0.48251938361803504,0.4434699539433892,0.19101425354701335,0.1245565448665804,0.05180668169478415,0.03498860513194903,0.016670375477692623,0.034262423216328164,0.02790779161818013,0.035879867052140406,0.03726611600786111,0.04832897292681646,0.1280492143859282,0.27890018890160634,0.46863613900052825,0.5115292396154681,1.0,0.9036673085470066,0.9739959444700128,0.9181348187136571,0.9640823312423061,0.9654920627094363,0.9205201443216253,0.9536800853492732,0.9280914861278664,0.9660123473420847,0.8591325987689292,0.5928195172194015,0.7045781253805167,0.586721467545322,0.5442248032482803,0.449380022702646,0.43136943464467364,0.37780054379847355,0.4136688762553739,0.3946387087503057,0.19935942705753468,0.19387318673058312,0.4436341925969791,0.5834236517992423,0.18241717909531074,0.8658793188698481,0.1945779532824164,0.7004125677264819,0.48671904243881814,0.08569968069542486,0.18040489717642247,0.49353272732942244,0.21764167875014956,0.8408162648450326,0.9323336485599593,1
0.18483366322291783,0.42536961808614254,0.09642412325905146,0.05827194075991276,0.08961697167245862,0.015127295549450089,0.026828291608101792,0.028062545418289626,0.04680447931159963,0.04174733946239194,0.04774824479556005,0.09848297955582186,0.1548993505785814,0.2353691270217132,0.5960565016785848,0.8063153634528603,0.8113188137061443,0.8945215156234102,0.8633773349065463,0.9492278222594653,0.9586506317244144,0.9824097116815974,0.9309189629228962,0.9345630140561301,0.5621121229650092,0.9309076176758257,0.8805649577340166,0.5894267495120461,0.68551413230239,0.5682966363873986,0.5253653590749967,0.44543870560549925,0.4228409349377971,0.42283639830950925,0.37369687893105236,0.32762069048172315,0.261427882820161,0.4039822882719353,0.49841292023256745,0.6196591651202894,0.10049917680900286,0.6793195372466064,0.11802500909274982,0.23924116851363453,0.41152928522441046,0.11544418652481327,0.19608899965090826,0.4346301287748368,1.0,0.29874230069458746,0.5208647331077474,1
0.5868084494980605,0.2822219251221106,0.25680704764682405,0.05988488277463169,0.04772396797924574,0.051552318899282086,0.05558252366233975,0.036580114981171356,0.05343857718917314,0.04425438825382136,0.04340427661533581,0.10505438864180722,0.0835975748325476,0.15637386842664705,0.35027080460249466,0.7770945791427956,0.7437461773124868,0.8644037241467534,0.8783142898249554,0.9151901510152262,0.9300560203689117,0.9462026549099035,0.9382992705080586,0.9193195350044496,0.943459913966513,0.9634378233972587,0.9205886892014784,0.5985436244065112,0.6681082316815907,0.6061339359307445,0.5460025390211902,0.4216049935683329,0.3778404279540684,0.40316879482239104,0.36936502442634755,0.4768625681097034,0.21493402304591952,0.5438011390333357,0.23848245441627502,0.6634469927457407,0.12167027706225737,0.47646546307819565,0.10428417454045096,0.04863917277018154,0.613822958545268,0.10188408518432028,0.16133518137166009,0.5569939321785263,0.21189234982702804,0.40505381637798227,0.6595006323210425,1
0.0,0.4499427629036217,0.2947653508042316,0.06601738583978131,0.057624021582787996,0.045995768574821794,0.015019600867914162,0.04490549989564538,0.045087535264526746,0.03553355856672863,0.043007541834702324,0.05511344123315295,0.11721488458738868,0.22751799798484468,0.39813786090802655,0.8395925875580506,0.8335041065202583,0.8133916326818751,0.88879156897424,0.8617543738908312,0.9438767050221162,0.9516964463671244,0.8933825955741873,0.9510732149162918,0.9495909272420316,0.9319412164611873,0.934440729392364,0.6028990953478272,0.6639649704078924,0.572884442672628,0.5091250793678006,0.4391094361583654,0.42262781770722513,0.4060843082091559,0.3389322252171307,0.3424986249880199,0.24923208915872733,0.5564184605568877,0.5342915462650651,0.526844254449202,0.132510039782134,0.6941034319239081,0.11710735729749826,0.003374192090672967,0.6883343394036416,0.13961102230780148,0.1803378140388826,0.21523737591439876,0.10296421756611118,0.17606685462965166,0.8300295568288593,1
0.22681876720789484,0.34249267563831737,0.1242651175924537,0.06291580225019693,0.07858909349814519,0.058857806689241864,0.01485060829620041,0.03424490463676704,0.04893489970794133,0.017864013733138825,0.020759194676470055,0.019918395857774364,0.08510378240069419,0.1512867180782696,0.3568550008355421,0.7629971103131917,0.7740701368771841,0.7783423858550422,0.766677453173582,0.8859573679602271,0.945775272109104,0.9468050621631898,0.920428238824715,0.9446064419459028,0.9805132080368373,0.920998763134989,0.908462777466941,0.5656719364536886,0.6865633012685078,0.5823485354588334,0.5156024570731012,0.45802760915026774,0.43108124395238634,0.41679934733961743,0.408889519902393,0.33048670550236714,0.2494252657430479,0.3572187679057057,0.39671209191561924,0.5910686964205891,0.16169422374150488,0.4186580394588948,0.10725306749914638,0.7594605223790922,0.372090508466399,0.1441645596165555,1.0,0.0,0.06601176109544625,0.31312751389171983,0.49162681048411205,1
0.20856407576964697,0.44610201474310457,0.06473145513841444,0.13795616461262242,0.0985612584192629,0.07789116905538324,0.020875402698839935,0.06339047903890127,0.03758466647018591,0.01661973096508905,0.03639232501452756,0.07286468894688106,0.07086067445413718,0.16347603611992267,0.35774649558454746,0.6864064524775162,0.7925614748841192,0.7637509449741823,0.8391969820272701,0.9162741944527907,0.9481750318437834,0.9265311757757879,0.9527560415695218,0.896401197595141,1.0,0.9854974824395053,0.9052241415512212,0.5980415820240351,0.6542284197412779,0.5860999261135514,0.5083429979193479,0.437534718868926,0.39586741143498094,0.38637130265178804,0.33754404990828457,0.3407355435230907,0.15605541930273156,0.49658320398172795,0.3661643855240607,0.3921996327131996,0.1829205195013639,0.6635143300340052,0.1459181462793524,0.6198370412239509,0.8028794776152356,0.09055854927740259,0.09179686988991036,0.4505978792517222,0.10133515339939413,0.31404288225040156,0.6019677078030743,1
0.4558672754085194,0.40468232832570455,0.18721613081068453,0.08664013769976942,0.11710600538786636,0.08314876036097922,0.027608505492757108,0.02221522869925025,0.025731183230877558,0.020169516184763377,0.03163152136763324,0.08173785244720402,0.0803791834046142,0.21972621923381805,0.4689861850149989,0.8089545300451546,0.7278883674204217,0.8853845967368863,0.9803521201501791,0.8836549252675902,0.8195977361803565,0.9976384298639284,0.9088869226825509,1.0,0.9470005172199356,0.9183677181513641,0.8716661533557839,0.6158432637092335,0.7001994554168892,0.6258449108558728,0.5119963829989669,0.45367853974213673,0.3979388020782365,0.3838574005233659,0.36442460041545993,0.3938909244705787,0.17724311637333154,0.2736785797478494,0.49098616021826424,0.43960024320538105,0.02238406459695437,0.6945905995955657,0.07028839274507503,0.5577811966518975,0.6384958750455103,0.10491752511594972,0.25131890557388253,0.3799387833050215,0.12074353533133698,0.5655864429103539,0.5782834653257785,1
0.27024802148974747,0.1996747244059072,0.10177812569605185,0.04126102233144478,0.025339098314673847,0.04291857833352199,0.0017530430633395377,0.05579219178721284,0.04935801503405975,0.025576494008862784,0.023176336719584828,0.08264081672411033,0.10109194646210443,0.21684886786378182,0.3600635218925522,0.893040181470594,0.8509546963445813,0.8300538513893521,0.8932114214440048,0.8203366185107058,0.8502137077446088,0.9415879642083467,0.9025292900346813,0.9180003510430893,0.9518949309582915,0.9400801664028617,0.9038178813871217,0.5734944477540392,0.6798228102516056,0.5816046309013505,0.5115526926929939,0.4261489047358175,0.41725438210329124,0.4282056833182971,0.3770812362430664,0.29934689680050985,0.14731289893178703,0.30963322186355285,0.30688128408305937,0.42744265522862296,0.13982842777946491,0.49941893815114774,0.08705417985240801,0.12112006509699519,0.43636161859569456,0.09272231401298126,0.03367814065669583,0.2487203144708221,0.10491064504978836,0.4450461351568391,0.2976554988738733,1
0.09450907970380223,0.5444952013232754,0.21051676321207102,0.12495692862937455,0.04054728713347842,0.04558690564223292,0.0027431518753059034,0.030175976605473116,0.04181352964465182,0.0,0.031226086611135528,0.026406221674438814,0.09901732851817255,0.26120664111260156,0.43591099693907326,0.9766453367568818,0.8951258337926439,0.9430515446840215,0.8354515001035512,0.8414119266157123,0.9319105694820121,0.9101470704963064,0.9398917713582375,0.9366084136492933,0.9748120330312989,0.9715363344410557,0.9421596961995814,0.5805580218209712,0.6991414291779496,0.6115055345277881,0.5110644226188626,0.43951397915059515,0.3897566746962151,0.4004711261445057,0.4762934117811991,0.33463242960004635,0.1696382391985159,0.502236800062626,0.38653376175065174,0.5910686964205891,0.16812316460327636,0.5966559259359209,0.13155469737798128,0.41567801674798405,0.5350983445134343,0.03828962775322805,0.15780374517572252,0.6754868179018845,0.05375830943694625,0.3127738457067774,0.6517990476287782,1
0.4304359808093634,0.0,0.16899547722228564,0.0,0.0029834574700409178,0.0,0.0016624827219965388,0.0,0.0,0.0018058860493444934,0.0032468318449516767,0.04571572044888675,0.05863633646048985,0.07013741572367407,0.2881044456534064,0.5345491750614418,0.5723687616712819,0.77427861872126,0.7705878932143457,0.17264283680724335,0.8257196024838657,0.8676849580211832,0.9293248212948246,0.9057730415765565,0.8753837587954382,0.9196014887691635,0.8986248343386799,0.5652379399033268,0.6699487059134982,0.5214794527881104,0.438399197245185,0.42047419102745975,0.3675699190301675,0.25723228828936595,0.28629425844822703,0.23852657837710695,0.08987103376200238,0.16256612618307556,0.48358393247343845,0.16399356026702644,0.035704342752497537,0.0,0.08844937644070924,0.03436589526318801,0.0,0.0009384256433351418,0.09455695022339478,0.2938777741522118,0.08068658178908869,0.11235729520424032,0.0,1
0.45670970418912765,0.514563611905673,0.16917126256617132,0.05147072262472739,0.05605288727054218,0.050664836235245654,0.0353155292705876,0.04366369593076951,0.03805031589674173,0.035586416966829376,0.0370819957056386,0.058744133080572004,0.08047441231008784,0.23542273346369097,0.4825060020137273,0.7994116174887342,0.9071694625104325,0.7262586646775254,0.8456615185071477,0.8264264027507191,0.9969641529494953,0.9812593873297307,0.9253597254914311,0.9637534193184704,0.9699144174318862,0.981119304063828,0.9382574496252543,0.5881207712578349,0.6707247591912183,0.5673314828715874,0.5212247343995158,0.45155421366588605,0.39707605768621224,0.38902351610906366,0.4314207030724827,0.4302244682133928,0.27200479802735006,0.4676184964500253,0.4792214570899982,0.551604958857519,0.10968062984606346,0.38645808793882597,0.1341673311255548,0.16819170527443839,0.584562960270116,0.13208787985449919,0.12375245421247612,0.7510394292341759,0.08504913055336312,0.6125671686195283,0.6514833857986428,1
0.27913553325191365,0.5867070316403673,0.2945212136718867,0.09983234912303388,0.0708961095643752,0.057050292777704195,0.042294129675393276,0.03357586425935351,0.05710561934824414,0.013205102503655456,0.03620754549318109,0.0,0.04246664492951171,0.19908305492386444,0.2325127712116949,0.3759176802105571,0.0990539515896603,0.1693898705524206,0.23340089725365196,0.1944851736514282,0.2468602172592943,0.31816843566510766,0.3031204050657348,0.4335076901122823,0.5302350630626245,0.7140811605535986,0.9089691308207821,0.6888011333125583,0.9694151810230213,0.9999999999999999,0.9628142063386644,0.9770781801397332,0.9736022472376733,0.8971359560358162,0.9007831860094458,0.8682168631194539,0.4452527537757216,0.8830110976137121,0.7037114956152162,0.7372311242462698,0.13616259968525785,0.862801584759008,0.09772002986059623,0.7796584166182685,0.5674101039689544,0.04980987028658159,0.14370056315169136,0.22013178152828616,0.16502148823892887,0.4207084344244842,0.6115997461908307,2
0.4304359808093634,0.39239256975882986,0.21732708428190206,0.06855913526040272,0.0562017892581987,0.03942470821304072,0.036616481144942176,0.05655977123034642,0.03770773803894102,0.040709018700567395,0.011598756993197755,0.05421279114256248,0.0,0.11055583849140417,0.06464580037903636,0.3188116967498227,0.028344785477681447,0.19155119953532612,0.23030245868329144,0.12658118505301985,0.20019948764898665,0.23824497753620275,0.3177683084230585,0.4506836137727584,0.557426640267572,0.7134997728736046,0.8400022286568721,0.7275526833944438,0.9867444021450489,0.979843769893069,0.9509400273203272,0.98180450807875,0.9785586698167977,0.9237678341417579,0.924700968062667,0.9786890971530041,0.4061425933970766,0.9079173658094131,0.7364081367181051,0.5937039208369906,0.13664075974604353,0.5075896871656462,0.07142500453476663,0.8402780475502447,0.6218342307099143,0.1305322345186889,0.17328581361996798,0.4142729365067779,0.13896945819604914,0.3998407248464946,0.5385844112903596,2
0.314128950985431,0.4199084636430969,0.29271993815427166,0.05558482968134673,0.026319315702898714,0.027393387250000158,0.03476788936045864,0.03026663466446147,0.03826625344587664,0.020892014470782122,0.0449047220009238,0.04109921109872318,0.04840870117788386,0.133975867697014,0.09912119042767592,0.2527942966211334,0.18628265367604674,0.17187866875699193,0.11038270374501104,0.2188374306193923,0.3051539341293604,0.26782770963428154,0.3029645765730114,0.4387300559876104,0.5931150811805886,0.7248740106716451,0.8821425385022977,0.7081516053916648,0.9779887950119662,0.983793107840761,0.9814917143384227,0.9574514416923191,0.965364020480857,0.9108899084819563,0.9539394210686346,0.9747084827893745,0.48387918078735814,0.7874201919346033,0.7484591199482002,0.9825657373865335,0.16337476537248521,0.8328326707721141,0.1326767470195503,0.32646224059326806,0.38962248622308004,0.10267580168783429,0.15427482488814667,0.7157271996463824,0.09163643193180424,0.8124870854779134,0.6444648159451918,2
0.36442098359281283,0.5331557933291992,0.27175526870276473,0.1037503611290696,0.06607202070845664,0.041898706004555385,0.039602816990924467,0.05682441945217778,0.039327225012842436,0.0458871152215095,0.0516250107591508,0.033149575922013376,0.03264867114073125,0.09292911208492635,0.1718158591697347,0.14787798485869796,0.27542611159380104,0.19037128104097456,0.17014299900449342,0.11004294630590532,0.18474417447607577,0.2762764609304362,0.2742747620490361,0.46280599138694795,0.5668072937895284,0.8116426087948918,0.9364790793498303,0.7001206704334488,0.953976829939891,0.9878336805364433,0.9981321041290847,0.9323144560519508,0.9125578515224082,0.9136413095137783,0.9443846644912322,0.9423714880830285,0.5021777178779238,0.713993796311254,0.506995594328783,0.8562127826971732,0.1445913877732955,0.3116054528539385,0.12501207141541143,0.6015625974515308,0.5442646916278012,0.9999999999999999,0.14417111116762982,0.3396894549364913,0.06693813272572668,0.3512283305906733,0.6661821629001546,2
0.09959376215396576,0.5221396518782847,0.18752052960157495,0.07534548187415198,0.10542197552697948,0.08089172643072376,0.04555798083423874,0.028799876504895038,0.05441603377694341,0.01495658767412501,0.041963919113011824,0.020867668510930366,0.05813613760721566,0.06036023684056375,0.21866222292232929,0.32939155587701463,0.1747118653682478,0.17347331747136605,0.20398436528654357,0.21440271950042356,0.23081506762083068,0.2520432958586758,0.3476965673881937,0.39251788373171037,0.5912770279422095,0.7227375787835293,0.8796601118896167,0.717002302593838,0.9483071144416905,0.9814436413642682,0.9875380373960787,0.9685765829922334,0.9631808515839193,0.9274797131776136,0.9273998849095063,0.8626452115918889,0.45386275099719037,0.7061853965012717,0.6690113342109325,0.47509482011827703,0.18755347014321433,0.9418193124677189,0.10123958979301173,0.6435258468151734,0.7020890682721179,0.056598969928149376,0.11091343059762272,0.5748309208245826,0.13050995918103597,0.2629281393262981,0.48964094428775334,2
0.3722585310494033,0.3785376652760759,0.19384661957741137,0.07958858516670227,0.15951620552929682,0.047677859463779323,0.0565606741434886,0.06815348530991436,0.05427752796551423,0.024493639496025423,0.010724536934981134,0.06680289426918878,0.09628610486866655,0.18329005214828245,0.06704935936026667,0.1789883320058142,0.07490109593485009,0.12109498807725054,0.2019586798508921,0.14092223727392256,0.20148015025178623,0.29229315855077914,0.34250584715990773,0.44658557146112765,0.5554700241503794,0.7677876306534384,0.8853398602487668,0.7395235272687936,0.958882398229861,0.9267375838854884,0.9215103323502272,0.9792373699347775,0.987047717719127,0.9091865421198977,0.999586562861774,1.0,0.4717317171348351,0.86742600527654,0.8739973654469546,0.9936861973772142,0.2040049642081005,0.686398557162789,0.14586100507471364,0.5391354245307565,0.6766293954763594,0.0444852683090575,0.1633413730996089,0.48322609259541804,0.13149687959786216,0.580956860698288,0.8795743189781369,2
0.44380350342006036,0.5092778998489448,0.18415885006309987,0.03427124239225603,0.0,0.04321396361145246,0.0,0.05011901033328429,0.03687574733196148,0.006753491818070823,0.0324145671341792,0.03743844218261359,0.07680682285305329,0.13351368050858325,0.08772021526753793,0.17967965765358732,0.17610041151490907,0.070421334466128,0.17907058974174384,0.11024255749745854,0.24880608216306782,0.254045797011704,0.29265892626156437,0.4238204835931148,0.558110230003192,0.7627388123156138,0.8888811340564802,0.6882023440893384,0.6770638035673937,0.9810597229448936,0.9598405395001015,0.9340610101611327,0.9454192817191148,0.9246966844939041,0.9366145317431013,0.9478264791703509,0.4928517947334793,0.677666445424628,0.7955800209438042,0.7206510677035065,0.2825175371847103,0.6654648873219473,0.09465368243156878,0.43493580714228813,0.5586195758772862,0.030799569295601556,0.16707085891181303,0.3500570822543017,0.13383358799152292,0.3268755641869877,0.4199697308811386,2
0.45829933542948265,0.4183232577030524,0.2637959865491982,0.0457036339310439,0.10482242210437036,0.03039411385974429,0.03308841227144119,0.053940665764891385,0.024554551667391997,0.03134850545345497,0.048171061506752266,0.06670611040144171,0.0366366875764111,0.17233180054777167,0.20103885132302082,0.0,0.23281063586932998,0.12516320028749636,0.17814179010971487,0.20978632815442988,0.21083192234992623,0.2164729724447395,0.37036541691970243,0.4665254773972992,0.5684319822461633,0.7579014565402358,0.8767801046938103,0.704403285118765,0.9532808721052123,0.9635245602804268,0.9729009137398927,0.9412313494046602,0.9495942868531967,0.939427004232428,0.9900285503950048,0.8601184563987332,0.48271656424090237,0.8754273260169313,0.557224860142303,0.7966022654699595,0.21179977061950783,0.7544669714325445,0.11595691387645113,0.4893235309173264,0.5811865318814875,0.040584371111424815,0.158398371019067,0.34029611885177646,0.09950227790985924,0.8416392776577539,0.7776634799812676,2
0.3587499818055655,0.4209927609842979,0.21996795260494947,0.0828024931344224,0.0934376797897711,0.09194205191199406,0.042804450909704354,0.025137005306204364,0.06360191247395064,0.055354725279390816,0.07632497539101465,0.028149046049943546,0.069677641286655,0.0,0.19227117037392627,0.14526185175340073,0.32531512673921953,0.11184956782827239,0.08213855001008724,0.1494130105860711,0.1622838464064758,0.2908684919235694,0.27605790578614814,0.43871426392722745,0.5228165806586106,0.7315057679426058,0.9216610915700508,0.708459147165829,0.9400918229261391,0.9689890163595917,0.9664932668056316,0.9760983680367739,0.9226813023548239,0.9470837878171642,0.8248675718925568,0.8866884560147769,0.4469695182644861,0.8757077013523712,0.7743333687044498,0.5546744949896141,0.13842330001306213,0.6882243251816871,0.11614909294791798,0.26667738525237095,0.4988840427311934,0.11850251553491922,0.12971601898805077,0.3884821713127618,0.2450408844552868,0.24255949053013456,0.30443475242428986,2
0.44044510300510253,0.4339506613477303,0.16961291978854812,0.08554031676061413,0.1104253574652493,0.029692421385723214,0.04861111126696535,0.030267044626185693,0.07563632880340686,0.05503161645592004,0.028868889458111138,0.03200880207533695,0.021745581211649302,0.14145839216565395,0.14365625258751172,0.30854732774221605,0.3498370783434145,0.11212679431114386,0.10550849161902193,0.17650564192474472,0.2685211653711955,0.2619623958496543,0.3315154337349242,0.4715549351827706,0.5330126485969773,0.744000971257452,0.8805649577340166,0.7048214635974729,0.9689431524186911,0.9736142119313451,0.9471880510362762,0.9558960927683627,0.9900906336787112,0.939824960271807,0.9537501001901659,0.9301858860729499,0.49294158421399675,0.7848850753578657,0.6840147348369101,0.8436485860355536,0.22151977574792203,0.4991713254788472,0.09650070612018437,0.36816977307328186,0.7645904065330605,0.1141574707930886,0.09718597061302073,0.3876372896889433,0.12273691800875161,0.28094034217023767,0.570746783010601,2
0.2687923353833585,0.3754665886479768,0.25680704764682405,0.060781789693935065,0.12478300227806838,0.08899467217803819,0.04127611960375412,0.05250901390200581,0.07429403249075767,0.037760704791347174,0.03987518988014201,0.017502497177109992,0.023193932863149302,0.09808280503176049,0.0789221511119369,0.09547533474970606,0.08026389495820976,0.06933861134538058,0.19273187108859416,0.18250006070668046,0.29070544676714855,0.29229273387972554,0.347403076964115,0.39827519480817136,0.5731653261485715,0.7372030659265549,0.8914997515881063,0.6973636447751929,0.6770638035673937,0.9705302895054424,0.9689754465302294,0.9255848103408806,0.9530910218902289,0.9624115754071518,0.9433970792540688,0.8112898815889664,0.4483372375240924,0.9726264746161533,0.7545272555429786,0.7848640500731949,0.24085976554001995,0.628212069750203,0.15055597884335625,0.5083960654443229,0.6387766735048004,0.10815037102101148,0.12850834421554475,0.32635270301376273,0.09192077571266745,0.2094490782213389,0.7764309181230624,2
0.29551928162547775,0.4796910248055846,0.1923019356517388,0.07895346796802696,0.055510824567615524,0.048339088810298414,0.04205846638058544,0.009813705650682375,0.037879152610306596,0.03967995542142828,0.05435906704013402,0.04565214823042656,0.10199775945673017,0.18053032425574336,0.11408338156930878,0.14415397044541245,0.14143136612829627,0.15722366004449473,0.223668465689688,0.13706865943053725,0.2819123331921951,0.24269742742804137,0.29720490574126546,0.4508391878439449,0.5986309477920494,0.7427266927783212,0.8947183440017453,0.7329724888000626,0.9787517610003604,0.9701292729658817,0.9580602070807596,0.9890101412589781,0.9756768494953926,0.9422931846480678,0.9113069180521635,0.9140415089814949,0.4590438977582852,0.7924525597402569,0.7030312096812095,0.7772419462654072,0.15174623692273437,0.6846060615761751,0.03623889723573412,0.26161370462622274,0.6986279216397258,0.0663552268854187,0.1744852736811202,0.2625340248542938,0.17446008068773664,0.4152296142054241,0.5354039686503034,2
0.3357969611385233,0.3670812402493783,0.25696306465792257,0.08783398799803052,0.06627720081010176,0.01680237941331298,0.038021533692846644,0.051111935045005885,0.027749012456222855,0.023502060780211134,0.03831960604026883,0.017349347395954687,0.03909798222087776,0.117685849742559,0.2382466504348401,0.44790518118524136,0.3283900714785592,0.17200991954792144,0.14348279217037752,0.20632205195956585,0.21103660571716906,0.2438975396717081,0.3225382307246632,0.4274752040093152,0.5798873403849789,0.7251615553182797,0.8869148219344686,0.7274451015963428,0.9581667355516957,0.9973985843306195,0.9887236396602426,0.978575429064852,0.9471191024558535,0.9594172487193884,0.9141079790662284,0.9177172781843346,0.47597149538921424,0.8193605235954365,0.6894150355051214,0.5384843183686051,0.21490149401469089,0.7513566522979555,0.05123633956660845,0.22576217141930857,0.5823528363049976,0.11021969690063267,0.0893451876482315,0.38828398532268293,0.1625056217092269,0.4068912802504664,0.6257182014313099,2
0.20185825854708023,0.41262075982873864,0.17564528616777983,0.06993073356825673,0.11051697509546095,0.010900383912945545,0.02805562512040548,0.02769483347344249,0.06352636616018274,0.02046947069093913,0.006701842170680573,0.0606050395896698,0.04857911899105745,0.07288515054268216,0.09101456236985316,0.12826512762610381,0.21901694305371736,0.17710369316661406,0.15794135695602465,0.12373212107772981,0.22371738317473652,0.2755737033656412,0.3384293452956023,0.4419006566992461,0.5492377294933285,0.6846132682158987,0.9250946156451479,0.6827322705231441,0.9198513639886515,0.9719156122891693,0.9340351257643422,0.9495522937587385,0.968855157027438,0.9795146670599426,0.9372043184232156,0.8960022663521997,0.4623691095183204,0.6600769306094665,0.719964351500143,0.6816963277087021,0.18311385992903356,0.9840016999620452,0.04259830430731679,0.30796473198848506,0.327502247327698,0.07925021649094163,0.11563054116309252,0.14519984332602476,0.1812970735020609,0.49960457794629,0.7076929188125367,2
0.44501053306532606,0.3511913852356346,0.24656264169174796,0.060011747456900015,0.01338380494462496,0.055881810690500106,0.02868700818049534,0.015945759427652476,0.045669878669813625,0.013661149984253275,0.07546142053030577,0.01991959182437588,0.0197546030768668,0.14126325176153848,0.1351071936265252,0.2999500940176431,0.19055379799875205,0.12444702348969489,0.09792524524314267,0.21236077292712113,0.18567591189797927,0.28490262965642793,0.35487353965709584,0.4349108315399194,0.563461715214801,0.7165859762402966,0.8953350740767692,0.6560595530010246,0.9690521198165322,0.9717544548738238,0.9619716297907352,0.971320399606391,0.9225196708900031,0.8643296286396558,0.9402338171188609,0.9828787211034881,0.4026367048165708,0.7269816810021713,0.8577423346974176,0.7897228373480609,0.29373405148506676,0.8371919634255052,0.15231150724182185,0.22161329603164934,0.6260845615617164,0.14460709208091094,0.14396825950053113,0.3834519092554496,0.14234108361246342,0.3589197328058444,0.6277202648010035,2
0.3393412425308031,0.34357215880752745,0.0808128005999741,0.07073226402758977,0.09439740142494843,0.08182039549207915,0.04229325916349727,0.05526932924082137,0.05874399345153758,0.022778429792841882,0.02836224301375841,0.08633510229974058,0.01984952149067131,0.1201852386333557,0.08648102706023561,0.32774159854301393,0.15576630042369988,0.16308950633908142,0.25615191861616143,0.12473017876713552,0.23689286874548562,0.2619623958496543,0.3446629837031863,0.48524571872664835,0.5565618722139739,0.71178073070151,0.8669702294244139,0.6993305178398904,0.957104763573206,0.9716636521962216,1.0,1.0,0.9871068955458479,0.9999999999999999,0.9531603310323524,0.972590167929772,0.49278760294617785,0.8763762941296322,0.8168287003602999,0.6890474141596885,0.12812517490672243,0.6322820606993521,0.14164851081798396,0.42563648641063323,0.42495204307075923,0.09034661989075803,0.1418055427478505,0.39292746840364495,0.16003813049030316,0.5690158270595161,0.5104953190892827,2
0.08392074310161432,0.5096043336773771,0.1128012243348111,0.11059465733741511,0.0974847075323713,0.0682091215692752,0.035419013522339476,0.05655977123034642,0.022943871662493988,0.008921890035806613,0.006723242452626815,0.07800387031898529,0.09795288008166682,0.1261469040134715,0.14343647226696826,0.434087943096551,0.14876096840437558,0.17706358769772265,0.16569863472421362,0.1548393272015081,0.25102795180480786,0.24788935800329753,0.3120972474984113,0.45469933287545033,0.5590283838496524,0.741710790218574,0.8774057605853649,0.7027340195449344,0.9435798604346116,0.9578049217166739,0.9507645103834494,0.983788233021784,0.9598130212452457,0.9560593181420511,0.37369687893105236,0.8950881800921261,0.4955094674424105,0.8185882904488999,0.7536090538442717,0.9087457804874625,0.1989552325623274,0.5946110859169519,0.13860441955101913,0.09912773602889241,0.5909852769208922,0.046785675913217355,0.11088899625159444,0.5046781203249571,0.0,0.7370388199500281,0.713926819352836,2
0.0755623041403031,0.3914982231854986,0.25545730725384186,0.11886402197951942,0.09640675204712838,0.06091936580792177,0.07542985264888627,0.04674078411701544,0.06244303769269201,0.017496663809361553,0.02447318895613982,0.08717522476534902,0.12030439130905243,0.11328390623785783,0.04838580054274126,0.26207944122931687,0.23279412418653928,0.21325931718942642,0.17379894022140516,0.1899414486761039,0.22698676313871194,0.2539829108914858,0.36837849279215124,0.4569263720452861,0.5824386712707587,0.7424758383776471,0.89604264823009,0.7157550427753887,1.0,0.9939563401721219,0.9663115744630031,0.9666857881158712,0.9523584766741944,0.9438227207383263,0.9181864574757665,0.9746221360329539,0.3945057573357819,0.9265670751122326,0.8803409247087011,1.0,0.23820164863817117,0.6529384467587224,0.1761770264954137,0.5316243339111635,0.4003727483940594,0.12298735324425171,0.15263275425599857,0.5202629764436955,0.25294679454232327,0.5986241748802562,0.5344833216238901,2
0.08094383816089656,0.2531754592506968,0.1215884561603644,0.1026455914538887,0.06652131139988292,0.05808092036964685,0.016883210645729677,0.05570718284358606,0.011880098515643138,0.017579354131492315,0.03659444781942673,0.028169866309753946,0.0824085816008801,0.05804850728165663,0.04404679061382735,0.348355640406504,0.17077603788465903,0.19659240276677387,0.21997173818457552,0.061745303203475516,0.25115761064636405,0.24393075657095606,0.31398055766218746,0.4487257665488437,0.5621121229650092,0.7520790644575099,0.8841060315687317,0.7054990732075153,0.9469370178319017,0.9500168937838499,0.9522555203866916,0.9641610331434859,1.0,0.9712952395483507,0.899443584321641,0.9207944548495408,0.4540758921287922,0.8313264958432548,0.8013419879939211,0.8121859412336137,0.06304580134111644,0.7167308148567116,0.1035008861718158,0.23597477732694427,0.6601666446868535,0.14367332391071114,0.17839427990627765,0.40127458227452306,0.08071060498904342,0.0,0.6145426206579157,2
0.40211577649609404,0.2863661479643508,0.10166503849530366,0.06785453401752634,0.0855942837780934,0.0668136275858072,0.02816686420703269,0.034177108608220715,0.04463120960899584,0.0037485676447744642,0.04445709950191652,0.0862920778213069,0.03989601815675746,0.08057854458863611,0.2497677178369077,0.1923245277957075,0.20870657852867253,0.156545429112293,0.2473662635475043,0.18864829351739887,0.24819113916626442,0.2851323503702175,0.31593924823044406,0.4266780252410859,0.5880594987012618,0.7415518115147495,0.858758177079936,0.7317235897386778,0.973863105401198,0.9702522552105259,0.9610200124663597,0.9704154050795479,0.96815361473459,0.8747922096275402,0.9999999999999999,0.8787814604937365,0.4642036213023442,0.8229100971054825,1.0,0.7301747411372356,0.2396598755814202,0.7235642742511514,0.08123919825424708,0.4408752097796274,0.5447135200659818,0.060357224616427806,0.16503038685157123,0.4075151827132249,0.16335447966896388,0.4904027589356717,0.48746976254578195,2
0.2939334610873219,0.45351419754168687,0.31212319777740855,0.06813166259725656,0.08118982641215393,0.02914949873406645,0.02327665342817571,0.0434750223036145,0.05964164583403521,0.02414559004819801,0.027083566261808485,0.04544580614876553,0.04301058520128247,0.11376439684414666,0.02145456576158382,0.3477421037503606,0.09921860865280761,0.20988158089900563,0.10347920352180125,0.19594404143742755,0.2524228910382801,0.27947966074045494,0.30433605650657863,0.44412633855810635,0.5433207220054534,0.7330245476060178,0.9079707903653522,0.7151664831110801,0.9562053059040557,0.951670996287702,0.9782759236091285,0.9666960840740451,0.8996732357203344,0.9523169114014476,0.9223157603506991,0.9772402871917055,0.42546103341487207,0.5395774521764929,0.803647682438335,0.7807541167650562,0.11066325986951547,0.4882629050749413,0.22822728758018318,0.33342346006562545,0.6521602966663413,0.07451307453401054,0.06627671552641858,0.3742900593350322,0.12173827208897045,0.39947814900559936,0.5692454611872674,2
0.34314396823103394,0.4072569351368912,0.18365703333359132,0.1430643777115886,0.13765985156966368,0.0374582863587383,0.007292992633193315,0.04032649258785789,0.048502959726349625,0.01420478834076628,0.01872555442443333,0.09346485175672314,0.05251659884614435,0.13134201988326621,0.06868656213747135,0.19964283018745943,0.12795886552836735,0.11835056797042623,0.22695102356544022,0.11196248313592469,0.23976095879307832,0.2565303743085873,0.3415572776711863,0.4296562003881865,0.5903040532072903,0.7175760177346111,0.9108280807347282,0.7024686604333477,0.9315643239237642,0.9820457430026518,0.9624215911637619,0.9308663278706222,0.9636880876557992,0.9584835189754871,0.969814158999696,0.8991188979914299,0.4694203854013547,0.8242924953058003,0.9420410300591444,0.6339462482536866,0.15889222974649414,0.5126859424642166,0.06197089816033263,0.46847029047966626,0.7622470704147191,0.08928180840481027,0.11502398067186859,0.4359724592181651,0.165009783492305,0.4368017462380523,0.8006689404283325,2
0.1883622134131845,0.4599166828156644,0.0,0.15535870604340074,0.09426348991756084,0.05975975315176147,0.05114468315448651,0.07936642633327032,0.05607096653418941,0.04397269247104187,0.032411891457498,0.051850778471600655,0.04503250408900091,0.06011037164397656,0.08895485460312452,0.05644350619448807,0.15070651342665176,0.05223500794125566,0.17785430049847217,0.16716392567762456,0.23454751943315674,0.2513462334201592,0.41186702778069073,0.47131191362801406,0.5419117070170559,0.7439458762156033,0.8714593269356199,0.6873070830895296,0.9313521575465441,0.9774942025808324,0.9533620702051344,0.9863707994651175,0.9796463907966066,0.9685971577202347,0.8922048204593517,0.9413085895920156,0.48668170025346896,0.7780008933881841,0.683527752506746,0.9563233375245279,0.1861202941417774,0.7625041385851216,0.08676776121486039,0.11045770403359584,0.48767525637854336,0.09171388532982573,0.10766903178500677,0.4019971120475947,0.04970197548979305,0.28909770680934566,0.6889912458008398,2
0.4067575618717476,0.4501616832246367,0.16088027716609177,0.04916029656415476,0.09667400818464834,0.035945816714237744,0.031348842846441335,0.027590531403365936,0.04738402862671512,0.05027842228468888,0.003463732221116022,0.05798599490839656,0.10518548705296638,0.07947579532965997,0.05196346237754025,0.2525453560232775,0.24481120764714548,0.22092723808964393,0.18676317364419545,0.17264283680724335,0.1989353765054161,0.29441167278120695,0.3519935214494104,0.41015913373289414,0.5787839187100532,0.7533902319679133,0.904686283920421,0.7017582181641189,0.9402004965865391,0.9603463195032106,0.9472438606110545,0.9652348241151829,0.9497075933119657,0.9898289935459142,0.9557265092298519,0.9657304921361275,0.48097317800993716,0.7874283913405319,0.7402675735127613,0.7174201856140905,0.1845757785677381,0.7205818452251231,0.1193037320797142,0.33708690345406306,0.48455534172516573,0.05027858985571913,0.20237148528503346,0.7846427017742086,0.19590293748839588,0.26779036526171063,0.7066897830354262,2
0.06917663783440009,0.5003330330445501,0.21488332679741157,0.07237556051037183,0.0953902074517217,0.09661393599769624,0.03207578114885648,0.04302045899461468,0.04568678471965774,0.06771888171760104,0.0,0.07175770929471662,0.05741180823396493,0.12677250841248283,0.0914242514998298,0.2005256859309586,0.21946309714502077,0.3665085845565945,0.2092718238529394,0.1340346057842581,0.21511665475170083,0.2534792864405174,0.2831743576223424,0.4299373768423399,0.5872249800707885,0.7100528072112715,0.9083960065606068,0.710414599828019,0.942462243959517,0.9669641920677049,0.9961635279305066,0.9815108886081584,0.9558771941675686,0.9242239246238152,0.925982282239289,0.8925258534739555,0.3896908812217563,1.0,0.789501207473486,0.7949524538300026,0.17489306235856691,0.5296050768143753,0.11192356345088855,0.017698587385567843,0.8477256122052563,0.05544357644071104,0.10897015113127063,0.3276547471636428,0.20039546828049978,0.4629913450602608,0.39829015884581964,2
0.5286455563546257,0.4354445244971927,0.2602515090639851,0.06246391077250402,0.07756546464194278,0.04969508097119232,0.01314605135528089,0.05655977123034642,0.07423965870706734,0.01398579329718213,0.044504185921662893,0.03494360736248359,0.06590225277381603,0.17181941743314688,0.1028320010392765,0.20432022509975348,0.0,0.11908220562088094,0.07108654821029056,0.8182454674237294,0.2578600724235115,0.2606739260178993,0.3381517772103431,0.4300440987841396,0.5874018057566834,0.7416203826350771,0.84074008314153,0.7173703834936296,0.9487833014197199,0.9462463241942437,0.9579140043045504,0.9268371488257651,0.9255039058706415,0.9347041540101967,0.9314398797568594,0.9329604314987908,0.4643848853433307,0.7587077943540513,0.7655214610047509,0.6836722094293287,0.11321590929859127,0.5232694255853857,0.1544514855770462,0.7955970321294299,0.64208130050539,0.14618412402539296,0.1540443917250564,0.7046455510900973,0.23919616357253093,0.19507841040382712,0.6204841345695521,2
0.290443822575434,0.4624603205832702,0.1999563121411407,0.05494373713269911,0.01590477572719557,0.038576759637026635,0.016156831461274536,0.0691455688550619,0.04097502079864459,0.02267079062796163,0.04343553993200267,0.028191115096806878,0.03505107867815658,0.10290520996005353,0.23189441257484833,0.26148098393204233,0.17901993777518707,0.16770928903822427,0.18851073449740446,0.17687674086294025,0.19447649623908833,0.2689840174197129,0.3022426360312097,0.4400024698003989,0.5594170474572019,0.7958168945300403,0.884127183257007,0.6813118394540698,0.9534662312881134,0.9790935274201754,0.9975724457886062,0.9540663256382367,0.9174793490982587,0.9532587614652759,0.8729995044528904,0.896262315640833,0.4551425518678378,0.8136908211124584,0.8505226695183212,0.650844910957058,0.1664030579837496,0.6520515453357701,0.1251913710378254,0.43187523404632056,0.6148524969899891,0.1233256912724266,0.16643871506097715,0.482042080787048,0.055082648645475976,0.46846595571932764,0.6598145855378815,2
0.4302060521264492,0.475059475009153,0.14775816003171452,0.06382879921743642,0.11182237723800678,0.06081946406693809,0.05137532615446928,0.0546658571051001,0.024719828473889423,0.026681743863591904,0.04490051560993308,0.025767161458423945,0.07574151621519278,0.09776951197831178,0.0,0.2191918898609018,0.084193147179248,0.08610301604980047,0.1686001034903205,0.08984283304279851,0.2065866578890963,0.3467444642501612,0.34777461245563007,0.41644126028326817,0.6026092764006092,0.7163989255631966,0.8726703629762546,0.685240192412585,0.960622959579589,0.9946802611728233,0.9473986348748333,0.9235518217341812,0.9819915683769954,0.9735500864442119,0.8506574945490698,0.940551925083487,0.4722971980939066,0.7503610520664445,0.612362222074486,0.874028198422057,0.18421533388349207,0.6976936867863696,0.09468863298147738,0.21231066897921053,0.24918066570801678,0.0883168705251036,0.20864224597134473,0.24993032890483977,0.05811053462610763,0.5275419239880307,0.6812427743506312,2
0.32163251936708065,0.48880151610332634,0.36949553908173033,0.10236657077998912,0.11521481738820016,0.043529096830100714,0.021133937487318635,0.05655977123034642,0.05710561934824414,0.03874824607903566,0.027964657239402495,0.06490509473316453,0.07370738244464525,0.12378208758920173,0.17042894207131504,0.1498216415971019,0.11245162057397724,0.08405268092588736,0.258997537279081,0.16919563527281434,0.22188897248911246,0.23872311825382092,0.40813758511097153,0.4117436657198553,0.560604092059913,0.7480606473528897,0.8984004099638491,0.7176465074786778,0.9890754432902151,0.9788512467962429,0.9463279973242051,0.9609639185100557,0.9630935983959399,0.987714120300152,0.8723738815184746,0.9772464772539436,0.4706462805820202,0.89374952023128,0.7600878229032649,0.6296908805760549,0.20670893871465623,0.765640400127012,0.15771446522806185,0.40475550418765416,0.4838335561679549,0.044852262858314736,0.18365342753384328,0.4769128984401022,0.0862907964721614,0.37822027828686544,0.515570288991315,2
0.01577507289651997,0.469016343814197,0.23530290048392558,0.026741418799230858,0.055309885887562846,0.052369636924674966,0.010311368073141616,0.02797891961464473,0.06350805985093014,0.002793297591409359,0.051663435468616875,0.08160380609921018,0.051378585045856295,0.06859286720100893,0.21548749469774964,0.11874551342631032,0.09288027792894575,0.16102851173231988,0.059684693844283834,0.10946886795693522,0.21879716026938734,0.2823197171615843,0.3094297359904998,0.43318034633187485,0.533457639637053,0.7596794852298081,0.8899241899161767,0.7076577200175503,0.9648805891551208,0.9709955764774708,0.9570721550727981,0.9897278005382776,0.9594509642951446,0.9262053560847835,0.922882169108571,0.9163357553768399,0.4580430199411057,0.8591906527964392,0.6647713536109956,0.6269788729467249,0.19917140424814977,0.629804518817455,0.15768821358747345,0.5077818667604975,0.4898030066296196,0.11454813220166657,0.19889464189038608,0.48090107982882546,0.16888101835236474,0.4344402036577237,0.7380949868428563,2
